Formula,Band gap,MP-ID,density,vpa,packing fraction,Central symmetry
Ba3Ca2(SiN3)2,1.875,mp-1019520,4.570850516,17.67115814,0.834911065,0
IrI3,1.398,mp-1025442,6.805421997,34.94909385,0.320381094,0
ThTe3,1.088,mp-1025522,6.862530518,37.19337261,0.395978781,0
Y4Se3N2,1.445,mp-1029349,4.989108086,22.94759727,0.576815024,0
RbSbO2,2.277,mp-10418,4.7316901,20.9885425,0.821176644,0
Dy4Te3S4,1.672,mp-1095296,6.327594465,27.69953242,0.462871193,0
MnBi4S7,0.667,mp-1095372,6.246915557,24.7058398,0.369159382,0
K2Ga3CuSe6,1.081,mp-10973,4.169716116,27.36795845,0.503455361,0
NaFe(SO4)2,2.116,mp-1102092,2.901260061,12.92368388,0.332328326,0
FeSO4F,2.468,mp-1103970,3.27710935,12.37135993,0.228933649,0
Sr2SiS4,2.9,mp-1104926,3.188158542,24.67213191,0.517362691,0
Pr(ErS2)3,1.014,mp-1105696,5.962424686,23.25688211,0.511687173,0
MnGeO3,1.105,mp-1106201,4.935536567,11.8143675,0.379023376,0
KCuPdSe5,1.036,mp-11114,4.867372792,25.75157852,0.476938747,0
CaV(SiO3)2,2.347,mp-1133299,3.423270082,11.79636249,0.435000627,0
K2Ho4Cu4S9,0.9,mp-1172870,5.270524759,21.23658103,0.639226587,0
AsN(OF3)2,2.75,mp-1182477,2.657416696,14.67928303,0.084964114,0
LiAl(PS3)2,2.763,mp-1188124,2.175665036,22.00095545,0.24754199,0
Ca3(GaP2)2,1.088,mp-1189986,3.172073263,22.31072724,0.54008787,0
Ba2GeSe4,1.403,mp-11902,4.947741948,31.79401042,0.52536073,0
AgAs(SeF2)3,1.733,mp-1191037,4.291903451,18.77030367,0.221730236,0
TiP2PbO8,2.59,mp-1191155,4.477147696,13.75421887,0.312261006,0
HgTe2(OF5)2,2.481,mp-1192364,4.251363548,17.64874184,0.166851526,0
SbH5(Cl3O)2,1.924,mp-1192718,2.2629292,19.47279097,0.146870129,0
Cs3GeSe3,1.901,mp-1193194,4.328130251,38.81762426,0.913280443,0
Cs5Ga3Se7,2.083,mp-1193337,4.274200772,36.94444958,0.794550717,0
Mn5VO8,0.503,mp-1193782,4.700200248,11.44731213,0.46807261,0
Mn4SiTeCl2O7,2.533,mp-1193890,3.98346353,15.51655591,0.334079775,0
YTl2P2S7,2.131,mp-1194527,4.108003527,26.41159541,0.377327832,0
Sr2P7Cl,1.948,mp-1194705,2.832326933,25.06405394,0.401096188,0
K2CdSnS4,1.496,mp-1194826,3.053824197,29.7419994,0.564556105,0
Rb4U3(AsO8)2,1.95,mp-1195470,5.31406834,18.2712136,0.683067898,0
Tl5Ag3(PS3)4,1.672,mp-1195546,5.019639749,25.55765366,0.427378593,0
Tl4GeSe4,1.099,mp-1196396,7.061995459,31.50875297,0.52397216,0
Li3AsH16(SO2)4,2.328,mp-1196446,1.710802022,11.16598004,0.195127761,0
SrAu2(SO4)4,1.678,mp-1197529,3.73717238,16.72620777,0.221869806,0
K3Ta2Cu3S8,2.311,mp-1197797,3.769404861,25.50532173,0.548353995,0
Ba16Re6O37,1.597,mp-1197806,6.507866948,16.89432679,0.763859938,0
Cs6Dy21S34Cl,1.947,mp-1197810,5.075833119,28.15353853,0.607140758,0
Cs3Ag2Sb3S8,1.134,mp-1198053,4.033168911,31.81192696,0.642450811,0
K2EuSi4O10F,0.628,mp-1198799,3.034342108,15.85485228,0.517187725,0
Cs6Ho21S34Cl,1.959,mp-1199243,5.270444881,27.37331996,0.624446021,0
KMn6As7O24,1.657,mp-1200457,4.063860711,13.73324415,0.34467946,0
CsInSe2,1.631,mp-1200720,4.629128685,36.37762335,0.700718951,0
H7AuN4O15,1.936,mp-1201215,2.997908741,10.25821098,0.104477137,0
BPb7Br3O7,1.925,mp-1201413,7.402369029,22.59353638,0.489375315,0
Rb2SiS3,2.913,mp-12016,2.720775163,30.02930157,0.704116952,0
Cs6Ho21Te34Cl,0.894,mp-1201961,6.22510445,37.15045835,0.567940924,0
RePO6,2.173,mp-1203700,4.659913271,13.94990856,0.178526771,0
Dy2Mo3H2Se2O17,1.624,mp-1203751,4.886433438,13.65508306,0.313949409,0
Sm(ErS2)3,1.059,mp-13283,6.124099116,22.89920606,0.519679513,0
Rb3GaO3,2.741,mp-13744,4.421518712,20.07224067,1.245514696,0
Ba2SiSe4,2.278,mp-14447,4.708322458,31.16595089,0.524002809,0
Rb3AlO3,2.979,mp-14951,4.036157859,19.47660788,1.276112167,0
HfSe3,0.611,mp-15622,7.088325818,24.3265522,0.356713209,0
Tl2B2Se7,1.3,mp-16183,5.550215059,26.73918069,0.364467174,0
Rb2B2Se7,1.72,mp-16184,3.883691985,28.9687464,0.497283442,0
Ba2Nb6Te2O21,2.214,mp-16998,4.934837797,15.44915642,0.421503904,0
Sb2O5,0.792,mp-1705,6.676694603,11.49440916,0.373647423,0
NaAlSe2,2.233,mp-17060,3.480823004,24.79382304,0.457286356,0
TlGaSe2,1.373,mp-17254,6.256269733,28.66710434,0.44192584,0
V2Zn2O7,2.558,mp-17458,3.925142444,13.25678589,0.326127519,0
Sm2MoO6,2.246,mp-17591,6.724682842,13.51695633,0.585621813,0
Na6Ge2Se7,1.6,mp-18100,3.51171497,26.3519627,0.525023493,0
UTl4C3O11,1.799,mp-18136,6.225172058,17.79598875,0.448462316,0
Mn2Te3O8,2.322,mp-18607,5.083255483,15.59643948,0.319147946,0
Mn2P2O7,2.315,mp-18721,3.763679971,11.38376242,0.30105969,0
Mn3Cd2O8,1.244,mp-18870,5.8647608,11.27394729,0.497521551,0
Ca2Mn3O8,1.519,mp-18893,4.137001125,11.51565313,0.60505202,0
Sr2NiTeO6,1.957,mp-18908,5.911444499,12.85212281,0.733336833,0
MnMoO4,2.736,mp-19081,4.223524182,14.08023993,0.33005126,0
NaCr3O8,1.87,mp-19280,3.000196593,14.15854735,0.38933711,0
KCr3O8,1.915,mp-19335,3.037613964,14.71796496,0.488759762,0
MnWO4,1.584,mp-19407,7.310800983,11.46182632,0.369620411,0
K2In3CuSe6,0.727,mp-21713,4.351386863,30.52753614,0.503725067,0
NaFe(SiO3)2,1.912,mp-21867,3.433214503,11.17285641,0.469909346,0
Er2S3,1.469,mp-2234,6.204950659,23.0530685,0.498545047,0
Ba7MnFe6F34,2.09,mp-22484,4.303634131,16.05474349,0.50565146,0
TeRhCl,0.865,mp-22945,5.965373044,24.6776676,0.351043781,0
Rb2(NbCl3)3,1.094,mp-22976,3.25605027,28.00301374,0.471205545,0
K2VH2OF5,2.225,mp-23839,2.519829575,14.50646049,0.646509083,0
Mn2H2SO6,2.764,mp-24250,3.745828408,9.670198458,0.307753792,0
CoH4(BrO)2,2.417,mp-24410,3.245942429,14.48161689,0.19272406,0
KH2N,2.068,mp-24428,1.747885958,13.09158275,0.876202007,0
Rb3Au3Cl8,0.82,mp-27301,4.620700967,29.03005187,0.559796974,0
K3GeTe3,1.056,mp-27331,3.546234882,38.3122103,0.65801501,0
Nb(SCl)2,1.593,mp-27362,3.260734098,23.21607439,0.254351454,0
Rb2CoI4,0.572,mp-27517,3.956675396,44.21552773,0.533120234,0
IrCl3,1.94,mp-27666,5.333238551,23.24090267,0.246035682,0
KTlO,1.228,mp-27716,6.128464678,23.43590443,1.055900204,0
RhCl3,1.562,mp-27770,3.788441961,22.93105458,0.249360155,0
NClO6,1.427,mp-27774,2.320547459,13.01069795,0.103451491,0
BaSn2S3,1.352,mp-27802,4.661757278,27.95861241,0.475323062,0
Mn2O2F9,0.61,mp-27807,3.227949655,12.38025967,0.18335658,0
Cu2P7,0.911,mp-28034,3.586012263,17.69446833,0.313553868,0
K2PdF4,1.908,mp-28163,3.626893956,17.04541701,0.861504395,0
K3Al2As3,1.186,mp-28347,2.931152545,28.04405787,0.754531743,0
Cs2HgI4,2.041,mp-28421,4.550621469,50.7747365,0.583410727,0
Ti(ClO4)4,2.91,mp-28481,2.473797965,14.24552276,0.14282068,0
K2(NbCl3)3,1.094,mp-28501,3.042376508,26.35421803,0.447783402,0
Ba(PdS2)2,0.885,mp-28967,5.022717317,22.59581457,0.514463224,0
SbSeCl9,1.998,mp-28985,2.682314395,29.25367961,0.176636019,0
TaI2O,0.927,mp-29027,6.676174111,28.02871451,0.327012053,0
Sr(BiO2)2,2.568,mp-29048,7.207046114,18.7476686,0.544402974,0
Ba3(GaS3)2,2.678,mp-29302,4.061653626,27.6451931,0.55386117,0
Tl3BS3,1.438,mp-29337,6.571061639,25.99812571,0.556806883,0
Na3InS3,2.774,mp-29375,2.660962165,24.95990609,0.580656804,0
Na5InS4,2.022,mp-29376,2.572259083,23.11266269,0.668459608,0
K2Ge2Se5,1.802,mp-29388,3.445441223,33.10888478,0.461172181,0
CsBiO2,2.368,mp-29506,6.351593672,24.43678323,0.94723002,0
TaCl5,2.824,mp-29831,3.469387392,28.57500062,0.196640425,0
Hg2WO4,1.933,mp-29894,9.374806761,16.42272449,0.367082326,0
Li2B2Se5,1.686,mp-30100,4.286255141,18.52268547,0.375144272,0
Nd4Se3N2,1.391,mp-30292,6.435849589,24.13466636,0.586984,0
K2(NbBr3)3,1.098,mp-31012,4.169420433,30.61107106,0.431333824,0
As2Pb8O13,2.062,mp-31107,8.053581422,18.06762592,0.529256925,0
Y2MoO6,2.221,mp-31124,5.358870434,12.73031887,0.58527618,0
Pr4Se3N2,1.403,mp-31303,6.174348474,24.75828422,0.5721989,0
K2Ta3Cl9,1.458,mp-31360,4.279405326,26.05671458,0.452895985,0
Sr2GeS4,2.32,mp-4578,3.509603777,25.42391857,0.516707102,0
PdSe2O5,1.075,mp-4649,4.790829914,14.9187367,0.240965329,0
MgGeO3,2.536,mp-4819,4.426262701,10.8752626,0.460361001,0
CaSb10(S3O5)2,1.764,mp-504882,4.688631778,21.11941123,0.326731292,0
TiSn6F16,2.704,mp-505113,4.686579417,16.39261791,0.255926239,0
SrMo3(PO7)2,2.114,mp-505189,3.945387376,13.9180994,0.3336122,0
Ba3V4O13,2.946,mp-505392,4.018473049,17.01953834,0.522562368,0
Na4TiSe4,1.67,mp-505798,3.203227371,26.24614472,0.570211337,0
Li5ReO6,2.216,mp-5061,5.152445328,8.511149323,0.779222215,0
RbGd(WO4)2,1.319,mp-510541,7.194850722,14.20148092,0.625761259,0
NbTeI3,0.512,mp-540924,5.209114434,38.33085111,0.306521823,0
TiI4,1.108,mp-541013,4.577633697,40.30048733,0.28520847,0
Rb2(ReSe2)3,1.052,mp-541059,6.998459644,25.95576644,0.622965206,0
VS4,0.953,mp-541155,2.6677125,22.30908253,0.242602137,0
SbBr5F6,1.746,mp-541259,3.172592489,27.70844749,0.143652866,0
Y2S3,1.599,mp-541289,3.805067244,23.91541598,0.513680545,0
K2(TcS2)3,1.041,mp-541353,3.905971045,21.82016142,0.605175098,0
K4Ti3S14,1.19,mp-541735,2.44080512,24.26179693,0.532944736,0
Bi4RuBr2,0.57,mp-541772,7.737745198,33.62512569,0.38480223,0
Rb4Zr3Te16,1.052,mp-541953,5.077706159,37.78058311,0.515731471,0
CeF4,2.147,mp-542001,4.737642142,15.14924277,0.377791079,0
Mn(PO3)2,2.336,mp-542139,3.131332517,12.54342908,0.224112851,0
Cs2Si2Se5,2.841,mp-542550,3.640385084,36.32840196,0.581877277,0
BaTeO3,2.846,mp-5431,5.491008353,18.92637877,0.59005629,0
Cs2U2O7,1.555,mp-548479,6.494672148,19.84669289,0.909134288,0
Fe2PO5,1.232,mp-553913,3.985931992,11.59505777,0.341748667,0
Te2Pb3(ClO3)2,2.603,mp-554952,6.714827448,19.85397955,0.42650394,0
DyMoClO4,2.891,mp-555683,4.754684079,17.85581524,0.344243617,0
Rb2Ag2GeS4,1.938,mp-555852,3.916568022,27.67973999,0.674276374,0
La3Si2S8Cl,2.615,mp-556246,3.7451906,24.22307752,0.418808818,0
MnF3,0.511,mp-556560,3.260685628,14.25080208,0.22919476,0
Rb2Bi4O7,2.543,mp-556735,6.772657193,21.10180873,0.669595466,0
KSb2PO8,2.213,mp-556756,4.476826529,13.64941764,0.49800268,0
RbAu(SeO4)2,1.51,mp-557122,4.544948124,17.30431674,0.407639482,0
Na2Cu(PO3)4,0.887,mp-557171,2.792400866,13.31462331,0.343020352,0
K2Ce(Si2O5)3,2.223,mp-557649,2.961185701,14.64578659,0.463016226,0
KMo2Cl7O2,2.661,mp-558030,2.46249162,28.7236642,0.293815311,0
VAg2PO6,1.853,mp-558255,5.076936313,12.87524493,0.42125821,0
Pr3Si2S8I,2.575,mp-558259,4.150715854,24.64141943,0.393415613,0
KCr2FeO8,1.852,mp-558367,2.79365514,16.19387422,0.44421421,0
NaZr2VF11,2.172,mp-558441,3.372181868,15.27697933,0.31285272,0
Sr4Ti5(Si2O11)2,2.017,mp-558553,3.986917124,12.54422121,0.532328756,0
V3Cd5P6O25,1.91,mp-558711,4.369412285,12.67479566,0.316927879,0
ErMoClO4,2.872,mp-559004,4.913395011,17.50880798,0.351066185,0
LiNb3(Bi2O7)2,2.665,mp-559052,7.199141947,14.10759728,0.426515005,0
TmMoClO4,2.847,mp-559178,4.988937632,17.32334401,0.354824705,0
ScIO,2.015,mp-559760,4.468341685,23.27101261,0.423360802,0
K2Nb3Cl7O5,2.295,mp-559790,2.836967136,23.58791376,0.402399631,0
SrFe2(SeO3)4,2.341,mp-560149,4.080219971,15.14673555,0.322592532,0
K2Mo3(AsO5)4,2.666,mp-560268,3.53674956,15.95833518,0.369696992,0
Pr3Si2S8Br,2.688,mp-560468,4.001764341,24.16554286,0.386019095,0
Gd3Si2Cl5O6,2.574,mp-560513,4.0659015,20.45048734,0.338654081,0
La3Si2S8Br,2.581,mp-560523,3.897398734,24.62985672,0.418219401,0
Rb2Sb8O13,2.331,mp-560587,4.686571667,20.84329134,0.464429944,0
MoSeS2Cl5,2.011,mp-560907,2.502726027,30.68982929,0.175455189,0
Mn13Al4Si2(SbO14)2,1.081,mp-560917,4.383586461,12.13574285,0.410613532,0
KTiPS5,1.239,mp-560977,2.202740492,26.22122008,0.387229405,0
Nd3Si2S8I,2.547,mp-561126,4.265058331,24.25898625,0.399617652,0
K2Ge2PbS6,2.252,mp-561132,3.267886839,28.78219255,0.489976898,0
Ba2CuIO2,2.439,mp-561179,4.745229172,28.99260745,0.614346998,0
F2,2.934,mp-561203,2.361700195,13.35799979,0.039197394,0
Ag3AsS3,1.72,mp-561620,5.393890423,21.7575234,0.462295597,0
TlIn5S7,1.08,mp-562480,5.411288776,23.67417864,0.442043113,0
K8NbAs5Pb,1.202,mp-567424,3.177042513,34.40901649,0.825113405,0
CsAuSe3,1.344,mp-567913,5.701850686,33.01082135,0.624280439,0
K3P5RuSe10,0.944,mp-568011,3.609612508,28.15480521,0.425578846,0
Sm2(CN2)3,2.675,mp-568498,4.668800374,13.60563737,0.429341029,0
Cs4P2Se9,1.513,mp-569193,3.951081149,36.54173739,0.657151611,0
Tl2Hg2PdCl8,1.702,mp-569675,5.148364902,29.772429,0.33779451,0
CsTiCu3Se4,1.274,mp-570706,4.999350932,25.36343083,0.61995077,0
Ba2Ge(TeSe)2,0.838,mp-570803,5.087306203,35.45792223,0.512358197,0
Nb3Se10Cl3,1.093,mp-571061,4.436704621,27.47814973,0.2606225,0
Ca3(GaN2)2,1.915,mp-571162,4.240150636,13.7375485,0.778838651,0
Pr3CCl5,2.394,mp-571490,4.224239472,26.7305886,0.423760268,0
Cs2Ge2S5,2.413,mp-572598,3.209244559,32.85156762,0.624190629,0
Na2TeSe3,1.35,mp-573581,4.059082855,27.98596478,0.473237024,0
Ta2Hg2F11,1.364,mp-581413,6.521554993,16.50056988,0.240694804,0
K3Nb2Cu3S8,1.865,mp-581419,2.989974872,26.04213856,0.537050559,0
K3Ta2Ag3Se8,2.076,mp-582161,4.659180475,31.95307391,0.512047136,0
Tl2Te,0.648,mp-582753,8.534834083,34.7851985,0.660777834,0
K3Gd3(PS4)4,1.499,mp-604889,2.884560445,27.14435163,0.412140697,0
CsTaI6,1.183,mp-606510,5.152229127,43.31971307,0.448284563,0
Ba2NdNbO6,2.994,mp-6167,6.162807441,16.37684819,0.781469704,0
Th(InBr3)2,2.769,mp-617543,5.262519358,32.99497167,0.316040899,0
NaSr2AlP3,0.721,mp-620652,3.107832736,24.28295791,0.660058852,0
Co2PClO4,2.632,mp-622183,3.854300779,13.37131289,0.304838096,0
Pb13(Br3O5)2,2.007,mp-622491,7.67876405,24.85406534,0.506194665,0
CoH2SO5,1.215,mp-643547,3.123494835,10.21973655,0.208198213,0
Cs4Re6Se13,1.002,mp-650137,6.686120521,28.88861105,0.660923639,0
Cs4Re6S13,1.332,mp-652494,5.792260812,25.74792609,0.693646322,0
CuAs2Pb8Cl5O9,1.537,mp-653930,7.10799796,20.485739,0.483392671,0
Ta3In2Cl9,1.311,mp-662572,4.970765262,26.04618272,0.294000652,0
Al(ICl2)3,1.711,mp-672352,2.947115909,34.95688567,0.193942028,0
Zn(InS2)2,1.392,mp-674328,4.291947823,23.39645303,0.355720695,0
TaTlO3,0.97,mp-676262,9.511450244,15.13040274,0.584456334,0
K2LiSn4,0.839,mp-680450,3.827094123,34.70983659,0.629935587,0
Li4Ti5O12,2.66,mp-685194,3.500730866,10.3698056,0.548330746,0
K2MnH2OF5,2.471,mp-696630,2.81507056,13.19935618,0.718714041,0
RbH2N,1.911,mp-697144,2.784459814,15.13118811,0.919340264,0
Na2Co5Mo4(ClO4)4,2.395,mp-699543,3.767037166,15.95735201,0.369330912,0
LiMnO2,1.717,mp-754656,4.243169088,9.18463452,0.709708377,0
BaSe2,1.172,mp-7547,4.80029196,34.04439993,0.53235403,0
DyWO4,1.985,mp-755673,9.333245836,12.16764291,0.498239569,0
LaTa3O9,2.304,mp-757365,7.470711258,14.11851657,0.422317824,0
Ba2Tl(HO)7,2.73,mp-757586,4.727787953,12.35684984,0.56544988,0
Ni17(As3O16)2,1.975,mp-759655,5.597428668,10.56813566,0.416997237,0
Li2PdO3,1.423,mp-760483,5.203738014,8.950907222,0.740120088,0
SmBiO4,0.647,mp-768383,8.443401192,13.87610813,0.568101754,0
Cs4Zr3Se14,1.514,mp-768674,4.484804033,33.68887587,0.608471402,0
K2MnPO4CO3,1.098,mp-769604,2.546360113,15.65718769,0.599604874,0
Na2CrPO4CO3,1.705,mp-769616,2.720572952,12.86625901,0.468350884,0
Na3CoPO4CO3,2.246,mp-770948,2.981359993,12.11986588,0.606455455,0
Na3FeSiCO7,2.711,mp-771204,2.937094677,12.04261072,0.626790994,0
Na2FeAsCO7,2.146,mp-772415,2.985864515,13.93821631,0.445375743,0
Rb5SiHO5,2.897,mp-861513,3.701050037,20.05651623,1.171575189,0
Rb4Zr6CCl18,1.266,mp-862605,2.97659724,29.61262019,0.451662682,0
K2InP2S7,1.878,mp-862780,2.422287582,27.38770813,0.43359512,0
Gd2SCl4,1.722,mp-865182,4.85766038,23.84949086,0.418110153,0
TlInS2,1.305,mp-865274,5.585979982,28.48813463,0.462534878,0
KIn(GeO3)2,2.314,mp-8709,4.684309798,14.00916988,0.585273102,0
K2Sn2S5,1.822,mp-8965,3.269186102,26.86090311,0.561280575,0
K2Sn2Se5,1.348,mp-8966,4.274421554,30.66495543,0.531180759,0
Na2P2PdO7,1.541,mp-8989,3.312256607,13.63383378,0.458804188,0
Rb2Sn2Se5,1.291,mp-9322,4.593417828,32.2604431,0.572136606,0
K2PAuS4,1.628,mp-9509,3.248325529,27.75788125,0.54243343,0
Tl2PAuS4,1.299,mp-9510,5.870987141,27.04522772,0.41001582,0
KSbSe2,1.559,mp-9576,3.977084353,33.27461614,0.52677949,0
S,2.74,mp-96,1.894837493,28.1001328,0.149066563,0
SrCu(SeO3)2,0.713,mp-9640,4.176795018,16.10457654,0.384898298,0
Na3Ni2SbO6,2.254,mp-971678,4.987901998,11.21120341,0.833227423,0
Sr(GaAs)2,0.737,mp-972120,5.124502894,24.42666007,0.529397946,0
Pr6IrCl11,0.708,mp-975605,4.791334747,27.48783789,0.435574009,0
K3Gd(PO4)2,1.29,mp-978099,3.938668856,13.98768166,0.887778838,0
SrTcN3,1.564,mp-989627,4.551416365,16.61044602,0.569128075,0
LaMoN3,2.06,mp-989631,5.63308226,16.32307408,0.579308108,0
MnAgO2,1.001,mp-996995,6.466486931,12.50607134,0.608921889,0
NaAuO2,1.304,mp-997089,7.888517743,13.25918771,0.689042522,0
KGeBr3,2.921,mp-998612,3.405234405,34.27646286,0.419502725,0
BaCaMg14O16,0.846,mp-1036305,3.653159745,10.98964416,0.791812456,0
Mg30NiCO32,1.336,mp-1036764,3.543610772,9.605108853,0.756125404,0
HfMg30CO32,0.756,mp-1038368,3.747936394,9.910787333,0.74114825,0
Mg30BSbO32,2.206,mp-1038429,3.589163111,9.930437795,0.737018138,0
Mg30BSbO32,1.075,mp-1038436,3.580039305,9.955745727,0.735144606,0
Mg30BiBO32,2.173,mp-1038455,3.779377105,10.02942383,0.736579033,0
Mg30BCO32,1.807,mp-1038482,3.40706468,9.625415779,0.741976263,0
Mg30BWO32,1.999,mp-1038510,3.793413577,9.820359196,0.741359023,0
Mg30BWO32,1.88,mp-1038517,3.793995032,9.81885416,0.741472659,0
CsMg30SbO32,2.369,mp-1038732,3.739256187,10.37901987,0.812125326,0
CsMg30SbO32,0.922,mp-1038750,3.708789756,10.46427994,0.805508352,0
CsMg30BiO32,2.924,mp-1039576,3.937201473,10.43198534,0.814573176,0
CsMg30WO32,1.918,mp-1039763,3.916056552,10.321745,0.812901696,0
Mg30SiCO32,1.023,mp-1039816,3.443774343,9.652960291,0.744719669,0
BaMg30SiO32,1.63,mp-1039822,3.569200349,10.22471716,0.764496963,0
Mg30CrSiO32,1.799,mp-1039892,3.494896859,9.808608514,0.7489232,0
LaMg30BO32,1.986,mp-1039913,3.590546761,10.0505072,0.756646706,0
BaMg30SiO32,0.66,mp-1039914,3.559349788,10.25301423,0.762387044,0
CsLaMg30O32,2.878,mp-1039992,3.735062599,10.50977547,0.829212319,0
LaMg30BO32,1.209,mp-1040003,3.572759148,10.10054542,0.752898269,0
Mg30SnCO32,0.851,mp-1098346,3.596305111,9.897367484,0.737687844,0
HoPaO4,2.665,mp-1223799,10.00525026,12.72311768,0.661491913,0
K2PtCl4,2.03,mp-22934,3.378281992,29.14742211,0.569840307,0
K2PdCl4,1.835,mp-22956,2.65656763,29.14864583,0.57563898,0
K2PdBr4,1.446,mp-27138,3.49886206,34.18654068,0.527279447,0
CsBr2F,2.235,mp-28650,3.873936657,33.40334128,0.650286953,0
Tl2PdCl4,1.441,mp-29889,5.049401293,30.86566332,0.396700762,0
Ca3BN3,0.571,mp-30315,2.797589182,14.67494949,0.772069377,0
LuBi2BrO4,1.48,mp-545847,8.774656789,17.42994105,0.47872801,0
TmBi2ClO4,1.489,mp-546082,8.441497543,16.87650344,0.478266811,0
LaBi2IO4,1.245,mp-546672,7.780607085,19.94861275,0.504340084,0
LuBi2IO4,1.442,mp-550635,8.811564843,18.46408873,0.486600117,0
HoBi2IO4,1.417,mp-551101,8.55600061,18.77211503,0.478615634,0
TmBi2IO4,1.411,mp-552738,8.683084204,18.59308293,0.483224206,0
DyBi2BrO4,1.399,mp-552992,8.423513003,17.84932342,0.467479959,0
PrBi2ClO4,1.268,mp-553082,7.559526182,18.07594277,0.474693934,0
NdBi2BrO4,1.294,mp-553242,7.878409326,18.60327848,0.47589837,0
GdBi2IO4,1.348,mp-628631,8.29867446,19.16210167,0.481789199,0
Na2Hf2O5,2.043,mp-865500,6.467203621,13.77837826,0.682059021,0
Bi3BrO4,0.939,mp-866311,8.837934481,18.10398383,0.424365126,0
Ba2CuGe2O7,0.196,mp-22067,4.845679265,17.00502611,0.569740588,1
EuLi2GeS4,0.205,mp-629443,3.652472653,20.84191034,0.461799928,1
BaCu2GeSe4,0.356,mp-17252,5.260127347,25.76373689,0.465312416,1
BaAg2SnS4,0.367,mp-555166,4.78923043,26.00571523,0.506953701,1
SrCu2SnS4,0.403,mp-16988,4.228700144,22.66183967,0.461389739,1
BaCu2SnSe4,0.452,mp-12364,5.299959509,27.37439147,0.458888342,1
BaGe2P2,0.513,mp-27809,4.539476695,25.20758608,0.526586003,1
LaSiP3,0.518,mp-1232374,3.906908122,22.09391373,0.445380631,1
BaAg2GeS4,0.596,mp-7394,4.706044124,24.43341592,0.516100211,1
SrCu2GeSe4,0.599,mp-16179,5.123228961,24.43829586,0.449018866,1
Gd13Ge6O31F,0.616,mp-651087,6.881956278,14.17013412,0.546906196,1
KNb2PSe10,0.817,mp-1195772,4.3312337,28.63038424,0.344382865,1
CsNb2PSe10,0.859,mp-1195822,4.507854022,29.97686802,0.398062482,1
RbNb2PSe10,0.912,mp-1192452,4.420436847,29.29682582,0.360343157,1
SnGa2GeS6,0.968,mp-1194838,3.470872538,25.03032832,0.257645709,1
BaCu2GeS4,0.973,mp-17947,4.366449705,22.11981215,0.49264743,1
LaSi2P6,1.009,mp-29186,3.345803813,21.00577937,0.356212319,1
LiAsS2,1.033,mp-555874,3.052822487,19.85264593,0.346531356,1
SrCu2GeS4,1.046,mp-18685,4.08715125,21.1069985,0.468201949,1
Ba2BiInSe5,1.061,mp-1105202,5.766765122,31.77854054,0.517010258,1
Na(GeP)3,1.085,mp-1104707,3.487265054,22.70872939,0.387132987,1
Ba5In4Te4S7,1.132,mp-1105201,4.718509675,33.09391091,0.522514032,1
BaHgS2,1.156,mp-28007,5.803646073,28.75841935,0.557615097,1
Rb2P2Se6,1.292,mp-571464,3.757298607,31.23011068,0.49735504,1
Ca2CdP2,1.292,mp-1078908,3.544535942,23.84691915,0.610847548,1
K2P2Se6,1.315,mp-571452,3.484707384,29.25387037,0.464231955,1
Rb4GeP4Se12,1.368,mp-1195251,3.61378918,32.51353901,0.466956081,1
LiInTe2,1.374,mp-20782,4.704605028,33.26289573,0.385990615,1
Cs4GeP4Se12,1.383,mp-1195417,3.646212916,36.3394248,0.518750006,1
K4GeP4Se12,1.398,mp-1195433,3.321124546,30.96262082,0.430308196,1
Na2CoGeO4,1.422,mp-20161,3.624913336,13.831495,0.641329709,1
Ba2BiInS5 ,1.452,mp-864638,4.952783997,28.26647075,0.53836577,1
RuSi4P4,1.46,mp-14983,3.70727243,16.78717054,0.31941755,1
MgSiAs2,1.474,mp-1016197,3.590920896,23.37958487,0.34703032,1
BaGa4Se7,1.495,mp-1191072,4.989722288,26.87125271,0.381557823,1
LiGaGe2Se6,1.51,mp-1222398,4.109947039,28.10848071,0.272369905,1
Li2In2GeSe6,1.541,mp-1191200,4.375023986,27.25574041,0.344021448,1
LiGaTe2,1.588,mp-5048,4.598910541,29.95672192,0.375215481,1
HgBr2,1.682,mp-571558,5.884107445,33.90233575,0.264273036,1
Cs2Hg3I8,1.731,mp-540574,5.00777094,48.02521556,0.451058203,1
KPSe6,1.781,mp-18625,3.825810071,29.50533246,0.368640085,1
RbPSe6,1.792,mp-17945,4.004124228,30.59510317,0.395382486,1
Li2In2SiSe6,1.815,mp-1191817,4.234307584,26.57309449,0.343943933,1
RbB6S2(Cl3O2)2,1.815,mp-1201123,1.937332421,22.15804777,0.253978476,1
NaBa4Ge3S10Cl,1.842,mp-1201802,3.585698954,27.94009208,0.492724294,1
Rb3Ta2AsS11,1.893,mp-1209358,3.654783173,27.9539749,0.507288072,1
BaGa2GeSe6,1.918,mp-1227970,4.882512152,27.99605782,0.38019746,1
KCd4Ga5S12,1.974,mp-1223535,3.743866079,24.63917207,0.375004678,1
Li2Ga2GeS6,1.994,mp-554782,2.839573933,22.24084634,0.315797406,1
GeBi2O5,2.053,mp-23446,8.153105674,14.52667204,0.404597948,1
Dy3GaS6,2.061,mp-1189242,5.4745472,22.73725344,0.447210593,1
LiGaSe2,2.065,mp-11582,4.165028141,23.38134841,0.371172725,1
Cd2Ge7O16,2.1,mp-29213,5.515144448,11.91452876,0.345602044,1
Ba2CoGe2O7,2.124,mp-1190827,4.820163333,16.96261825,0.571164984,1
Sr2CoGe2O7,2.15,mp-1191317,4.431889673,15.34466326,0.543199444,1
Ga2Ge4Pb3O14,2.169,mp-636461,6.689967642,13.76610056,0.432961617,1
RbGeSbO5,2.177,mp-6639,4.708901144,15.86276556,0.629120835,1
AgZnPS4,2.193,mp-558807,3.662239615,21.53824281,0.321071625,1
BaCdSnS4,2.196,mp-12306,4.020042911,29.31038503,0.422831655,1
Sn2P2S6,2.217,mp-13923,3.321603736,24.58398547,0.240198737,1
La4InSbS9,2.219,mp-1196663,4.693793145,25.49019468,0.497721101,1
LiInS2,2.221,mp-1188392,3.377928278,22.84506369,0.402123655,1
Na2In2SiS6,2.237,mp-1190138,2.884914116,25.95881752,0.387898087,1
Li2CdGeS4,2.247,mp-1189383,3.09967132,21.91025687,0.376963996,1
PbLi2GeS4,2.251,mp-19896,4.104667876,21.33904671,0.438782003,1
Ba3Ga2(Ge2O7)2,2.258,mp-554139,5.288866643,14.5514788,0.563775579,1
Na2ZnGe2S6,2.266,mp-1190399,2.801273489,24.19935886,0.378143928,1
GePb3O5,2.27,mp-559144,8.349635193,17.10854234,0.558474734,1
BaZnSnS4,2.271,mp-13593,3.822013021,27.91178281,0.416930802,1
K3Nb3Ge2O13,2.301,mp-541626,4.069450455,14.55934357,0.654926997,1
Zn2Ge3O8,2.339,mp-27843,5.446922781,11.17969419,0.36050189,1
NaGeSbO5,2.369,mp-8341,4.421562288,13.96062964,0.446829769,1
Ge(Bi3O5)4,2.376,mp-23352,9.204318987,15.8562438,0.443691426,1
BaGa2SiSe6,2.389,mp-1227978,4.675939639,27.65062291,0.375522642,1
BaAl4Se7 ,2.393,mp-1191234,4.129855152,26.73753171,0.370730667,1
Ge3Pb5O11,2.411,mp-557667,6.986570619,17.88715125,0.460905321,1
Mn4Be3Ge3SO12,2.422,mp-21616,3.650366222,13.62250126,0.319526116,1
Li2In2SiS6,2.427,mp-1191903,3.071233566,22.80633311,0.348568188,1
Zn3P2S8,2.431,mp-30311,2.972209818,22.11952662,0.253190445,1
Ba2MnGe2O7,2.434,mp-1192147,4.667687832,17.39828188,0.562553098,1
InPS4,2.475,mp-20790,3.056129866,24.81753487,0.245407681,1
Mn4Be3Ge3SeO12,2.54,mp-21535,3.819994597,13.90389747,0.319882059,1
K3Ti(O2)2F3,2.547,mp-6305,2.644567308,16.33438115,0.837556653,1
BaGa4S7 ,2.58,mp-4309,3.824823525,23.17893883,0.387429254,1
SrBi2B2O7,2.652,mp-558323,6.52568045,13.55432401,0.487564112,1
BaCdGeS4,2.672,mp-13831,3.841994063,27.82416748,0.421856753,1
KGeSbO5,2.717,mp-14352,4.213675587,15.44290674,0.567229782,1
Ca10Ge16(B2O17)3,2.726,mp-1019569,4.158731165,11.75670616,0.447597189,1
LiZnPS4,2.731,mp-11175,2.497266972,21.99855673,0.285862885,1
LiGeBO4,2.731,mp-8873,3.525050643,10.38971749,0.37321016,1
K2ZnGeO4,2.746,mp-6386,3.648606378,15.94289482,0.872730594,1
Na4MgSi2Se6,2.763,mp-1103351,3.407736883,24.22162831,0.512026753,1
BaGa2GeS6,2.766,mp-1227983,3.723094554,24.16497983,0.386299864,1
Li2ZrTeO6,2.779,mp-6782,4.888719201,11.1649525,0.520032169,1
RbIO3,2.836,mp-27193,4.684210198,18.46011682,0.742898571,1
TlBO2,2.865,mp-28244,6.403281242,16.0259164,0.516552522,1
LiGaS2,2.926,mp-3647,2.923762048,19.99084856,0.379553711,1
Rb2Na(NO3)3,3.014,mp-1020630,2.5849131,16.27147744,0.593047001,1
K2TiOF4,3.022,mp-556623,2.887948384,15.67252406,0.827065968,1
B6Pb3O11F2,3.025,mp-1197284,5.355298384,12.69127746,0.357158262,1
Li2NiGe3O8,3.043,mp-21650,4.852038895,10.23016164,0.472189285,1
Ca2ZnGe2O7,3.048,mp-18596,3.934383507,14.168524,0.481466031,1
BaGa2SiS6,3.09,mp-1227993,3.458550074,23.8741826,0.3800898,1
Ba2ZnGe2O7,3.106,mp-1190949,4.883773882,16.92516958,0.572428745,1
Sr2ZnGe2O7,3.115,mp-17392,4.490112389,15.34526516,0.543178137,1
NaI3O8,3.141,mp-559065,4.711493812,15.61617125,0.352996123,1
Rb2CdBr2I2,3.171,mp-1103709,3.672214036,45.02286534,0.507840546,1
RbNb(GeO3)3,3.172,mp-540633,3.902688788,16.42037571,0.434209427,1
Ba2MoO3F4,3.225,mp-1214599,4.976284273,16.50386149,0.610998326,1
Pb2(SeO3)(NO3)2,3.245,mp-1192446,5.072444579,15.5584261,0.301501193,1
Sb6O7(SO4)2,3.247,mp-27229,5.112666625,14.61101076,0.293315314,1
Ba3B3Pb2BrO9,3.258,mp-1194742,5.691820912,17.54844166,0.620435937,1
Zn(IO3)2,3.259,mp-23360,5.227838769,14.65401889,0.293607339,1
Li2Ge2O5,3.3,mp-7998,3.532485704,12.49145144,0.412962029,1
La3SnGa5O14,3.311,mp-6788,5.833618599,13.71310902,0.521966053,1
B5Pb2IO9,3.311,mp-1200548,5.383987698,13.41369988,0.35677879,1
B5Pb2BrO9,3.321,mp-23623,5.129207376,13.18493134,0.340111465,1
Ba3BPO7,3.337,mp-554479,4.642989602,16.8617862,0.68193638,1
Ge3(SbO3)4,3.339,mp-1201722,5.142476425,15.24378368,0.298590183,1
Ba3B3Pb2ClO9,3.365,mp-1195317,5.577293226,17.17354317,0.626921924,1
BAsPbO5,3.384,mp-22430,5.79469042,13.35843947,0.354607148,1
BaGePbO4,3.43,mp-1192417,6.322345362,18.05371199,0.61609125,1
Ba4NaGa2B8(BrO6)3,3.473,mp-1195423,4.104108464,14.90216392,0.494579667,1
Ba3Sc(BO3)3,3.474,mp-14972,4.709571984,13.95729961,0.707098271,1
RbTa(GeO3)3,3.484,mp-540632,4.572955716,16.29716473,0.437492168,1
SrGePbO4,3.486,mp-1192743,6.324571673,16.18296378,0.615635877,1
Ge3(BiO3)4,3.494,mp-23560,7.135210311,15.25980684,0.358803519,1
LiPbPO4,3.504,mp-22694,5.314087028,13.79871893,0.46595402,1
KTa(GeO3)3,3.518,mp-540631,4.320684057,15.97578726,0.402658401,1
K2LiBO3,3.523,mp-557632,2.410344705,14.16687026,1.081611047,1
BaBAsO5,3.543,mp-9784,4.373009578,14.38475365,0.478777129,1
Na4Ga3Ge3B(HO3)4,3.563,mp-1203580,3.053603764,14.61974029,0.414355263,1
SnB4O7,3.571,mp-13252,4.4329434,8.55158571,0.286430937,1
Tb2Ge2O7,3.601,mp-14649,6.568965976,13.21669229,0.464938965,1
BaZnBO3F,3.621,mp-1077866,4.689069647,14.19269091,0.581246246,1
Ba2TiOF6,3.638,mp-561256,4.657581617,16.13309127,0.612405556,1
Ba2WO3F4 ,3.649,mp-19234,5.813770604,16.63705904,0.591295982,1
TaTl(GeO3)3,3.657,mp-540634,5.474484326,16.18979375,0.327312311,1
Na5Pr4Ge4O16F,3.688,mp-1192433,4.78075952,14.40443061,0.638594023,1
KZn2BO3Cl2,3.708,mp-1078186,2.530801013,21.84419561,0.401218125,1
Na5Nd4Ge4O16F,3.723,mp-1192544,4.901345818,14.2006632,0.647757303,1
Er2Ge2O7,3.727,mp-13643,6.994551908,12.77223574,0.481118213,1
Ho2Ge2O7,3.738,mp-560082,6.863273764,12.91409941,0.475833044,1
Ba5B3ClO9,3.751,mp-1201345,4.651650512,17.8194845,0.711449562,1
BaNaNd(GeO3)3,3.756,mp-14353,4.801772419,15.36523003,0.543509997,1
SrGaBO4,3.768,mp-1197916,3.633865228,15.15492957,0.460997092,1
Ba5B4O11,3.791,mp-3974,4.720123283,15.93429259,0.716665539,1
K2Ga2B2O7,3.799,mp-561525,3.025219225,14.83126125,0.617657687,1
Ba5B3BrO9,3.801,mp-1199246,4.786474532,18.1742773,0.704230344,1
Ba3Y(BO3)3,3.815,mp-6310,4.758922942,14.77103011,0.698913081,1
Li2Ta2O3F6,3.833,mp-561011,4.51886654,15.20092013,0.288120873,1
KTaGeO5,3.833,mp-14377,4.826066752,16.02896861,0.546490347,1
Rb2GeB4O9,3.844,mp-1020707,3.136360481,14.25585113,0.593340553,1
BAsO4,3.875,mp-11654,4.019623402,10.3091269,0.20309159,1
B2Se2O7,3.894,mp-558521,3.578819756,12.29734787,0.179045147,1
Sr5B3BrO9,3.899,mp-560233,4.145686868,15.45288497,0.682298215,1
Zr3GeO8,3.901,mp-27888,5.967645499,10.99827444,0.471400113,1
Ba4NaAl2B8(BrO6)3,3.908,mp-1197875,3.88007237,14.74640137,0.495955236,1
CaGaBO4,3.961,mp-557855,3.150618161,13.89983249,0.409289126,1
Sr5B3ClO9,3.964,mp-555203,3.963466296,15.12870719,0.688906368,1
LaGeBO5,4.03,mp-19957,5.03316086,12.46904686,0.464519475,1
Sr2Be2B2O7,4.079,mp-556498,3.593061783,11.62069986,0.583819412,1
Rb2Al2B2O7,4.079,mp-559284,2.942743347,15.56189494,0.675041311,1
K2Bi2(SO4)2Cl4,4.08,mp-23645,3.671306539,20.85852207,0.415204703,1
K3Ba3Li2Al4B6O20F ,4.101,mp-1195057,3.082515924,14.57154034,0.617668469,1
KSrCO3F,4.103,mp-865427,2.930426691,16.65361577,0.710161091,1
CsBa(BO2)3,4.112,mp-556936,3.717742855,16.18757317,0.721080287,1
Tm2Ge2O7,4.136,mp-14708,7.123839366,12.61143525,0.487252649,1
Rb5Li6(BO2)11,4.148,mp-1020620,2.760280593,12.85054396,0.701474128,1
Rb3Y2(BO3)3,4.168,mp-556206,3.83769054,15.54237539,0.86217106,1
Ba3Mg3(BO3)3F3,4.19,mp-1198065,4.21262047,13.48325375,0.652421055,1
BiB2O4F,4.191,mp-558753,5.988139831,10.87028724,0.304095917,1
B4PbO7,4.208,mp-9747,5.846993599,8.577705177,0.398826935,1
TlB3O5,4.222,mp-29155,4.79190285,12.19837524,0.37320205,1
Ca5B3O9F,4.236,mp-6632,2.814484589,12.97391554,0.593194738,1
BPPbO5,4.259,mp-21266,5.543477247,12.31824006,0.362411236,1
BAsO4,4.261,mp-3277,3.61799956,11.45351376,0.182799533,1
Ba3Sr4B3O9F5,4.352,mp-1182538,4.713951337,15.17480621,0.761703616,1
Rb3Al2(PO4)3,4.354,mp-560459,2.894429822,17.07567106,0.594035113,1
KCaCO3F,4.355,mp-6867,2.523223844,14.87156732,0.708023677,1
BAsH4NO4F,4.366,mp-1191775,2.60388126,9.925375938,0.121724411,1
RbMgBO3,4.373,mp-1020633,3.233635464,14.42839388,0.852318699,1
KBS4(ClO3)4,4.374,mp-560423,1.921867513,20.10717058,0.206941879,1
K3Al2(PO4)3,4.383,mp-560629,2.337645884,16.20201625,0.535713853,1
Rb4Ge3B6O17,4.401,mp-1020896,3.478982392,14.26583221,0.637434381,1
Er2Be2GeO7,4.43,mp-14420,6.783252109,10.95842762,0.525557251,1
SbF3 ,4.439,mp-1880,4.740151397,15.65509116,0.22901251,1
CaAlBO4,4.45,mp-559759,2.522329123,13.34240667,0.415450973,1
Li3AlSiO5,4.455,mp-1020023,2.53737134,10.20175934,0.55471369,1
Dy2Be2GeO7,4.469,mp-20778,6.547064955,11.15258418,0.516407768,1
RbBe2B3O7,4.504,mp-1020621,2.668208035,11.86859497,0.50625178,1
Pr2Be2GeO7,4.518,mp-14415,5.512772347,12.16100817,0.529400158,1
K6Al4Si6BH4ClO24,4.519,mp-1199737,2.379445704,14.34134433,0.549532725,1
LiGeBO4,4.531,mp-549308,3.494061148,10.48186588,0.369929188,1
Cs2Li3(BO2)5,4.535,mp-966802,2.951733153,14.08331103,0.736561506,1
RbGeB3O7,4.586,mp-1199892,3.122934056,13.40549823,0.476132992,1
K2Al2B2O7,4.594,mp-560217,2.370008282,14.32432138,0.628545122,1
RbSbSO4F2,4.603,mp-554732,3.68370845,17.09390737,0.493917037,1
LiK3P2O7,4.608,mp-1019794,2.511334794,15.16626051,0.818049613,1
KMgBO3,4.616,mp-1191101,2.461969522,13.73823064,0.776739785,1
SrAl2B2O7,4.652,mp-15939,2.657865722,14.32796887,0.356826081,1
CsSbSO4F2,4.656,mp-1213195,3.983734449,18.00356541,0.587830043,1
Na3B5(HO5)2,4.658,mp-722369,2.437975553,9.707037537,0.491025009,1
Sm2Be2GeO7,4.677,mp-14416,5.972251284,11.66341898,0.551985628,1
Ca2B2O5,4.707,mp-1019560,2.781254178,12.05868806,0.539277607,1
Ba4NaAl2B8(ClO6)3,4.715,mp-1204585,3.553333724,14.3713078,0.496248177,1
AlB5H16(NO7)2,4.725,mp-1200079,1.604701407,9.508377648,0.102563921,1
NaSr3Be3B3O9F4,4.755,mp-1192032,3.383181893,12.06370428,0.567501296,1
Na3B3(HO2)4,4.762,mp-1203588,2.19670418,9.803029821,0.501570695,1
(NH4)2PO3F,4.779,mp-24157,1.587570101,9.347230449,0.073112686,1
BaB2O4,4.79,mp-5730,3.845530007,13.75294501,0.52345946,1
Sr6B(PO4)5,4.812,mp-6044,3.566866274,14.71397476,0.515398412,1
CsGeB3O7,4.818,mp-558804,3.357642967,14.42345924,0.553809475,1
LiNa3P2O7,4.851,mp-1020164,2.599721549,12.2762176,0.631415702,1
KLa(PO3)4,4.855,mp-540962,3.125111511,14.57950333,0.39352849,1
RbLiB4O7,4.869,mp-6787,2.492587045,12.69086689,0.507662842,1
NaB(HO)4,4.873,mp-707419,1.82308374,9.27510372,0.332959936,1
K2B5H5O11,4.892,mp-707775,2.099276612,10.77434257,0.453357611,1
KBe2B3O7,4.91,mp-1019809,2.21797483,11.60740369,0.452967577,1
Cs3Li4(BO2)7,4.93,mp-1019615,3.110217999,13.84605183,0.780575066,1
NaBe(BO2)3,4.931,mp-1020624,2.151033623,11.25896463,0.342547784,1
Al5BO9,4.938,mp-3281,2.943856765,10.89455725,0.315886193,1
YBe2B5O11,4.94,mp-1020740,2.950314875,9.982273558,0.300226355,1
Na3NbOF6,4.96,mp-561259,3.35166706,13.14553645,0.623118492,1
Na2B5H5O11,4.962,mp-720593,2.079511828,9.758222387,0.320799998,1
Cs2Ba3(P2O7)2,4.966,mp-1019605,4.001065992,18.50788622,0.708407112,1
NaSb3F10,4.968,mp-27573,4.418571171,15.52235828,0.312798401,1
(C(NH2)3)2PO3F,5.01,mp-698449,1.432882554,10.11133289,0.07115862,1
CsLi(B3O5)2,5.025,mp-1200805,2.349951484,14.31730057,0.430227977,1
CsLa(PO3)4,5.044,mp-559234,3.20608815,16.91047922,0.434622145,1
NaCaBe2B2O6F,5.045,mp-1193627,2.654742935,10.47513256,0.511491951,1
Ba3P3O10Br,5.053,mp-1194785,4.128138005,17.62324193,0.510268962,1
CsLiB6O10,5.077,mp-5990,2.324289357,14.47537573,0.425529767,1
KLiB4O7,5.082,mp-6648,2.136267104,12.03507703,0.472947678,1
Ba3B6H2O13,5.089,mp-1199009,3.968814693,11.97407981,0.529675256,1
Cs2Li3B3P6(PbO12)2,5.095,mp-1196318,3.981573066,13.58867684,0.531650927,1
Li2SiO3,5.11,mp-5012,2.572720375,9.677924385,0.582592499,1
Mg5B3O9F,5.118,mp-560026,3.012214461,9.706950924,0.498324257,1
K2SrB8(HO)28,5.119,mp-1198667,1.893570696,9.535168233,0.26682171,1
RbNa2B6ClO10,5.128,mp-1194580,2.469802845,13.16974244,0.500734418,1
Na5B(SO4)4,5.132,mp-1020599,2.441130494,13.34331243,0.449516979,1
Ba3P3O10Cl,5.146,mp-1194911,3.919151912,17.45511718,0.507831026,1
SrB4O7,5.175,mp-5540,3.999762977,8.402126742,0.497230613,1
Na3B6ClO10,5.185,mp-1195615,2.263433143,12.07868979,0.422058588,1
Rb2GaB5(H4O7)2,5.194,mp-1201112,2.439276801,11.95327017,0.401504262,1
K2B4H8O11,5.201,mp-721901,1.894339359,10.71171465,0.410654717,1
Sr4B14O25,5.206,mp-559330,3.220493025,10.81378324,0.4143612,1
RbB3O5,5.211,mp-29756,2.882928201,12.66524886,0.58430059,1
K3B6BrO10,5.212,mp-23612,2.567889124,13.64633086,0.60331152,1
Ba2B6H4O13,5.237,mp-1199077,3.534553541,10.36465038,0.42729122,1
Ba2B5ClO9,5.241,mp-555742,3.611894341,13.74240392,0.464228815,1
K5B(SO4)4,5.251,mp-1019797,2.325041001,16.22198293,0.608896563,1
Ba3B6O11F2,5.266,mp-1195844,4.174679975,12.49047479,0.550687674,1
LiCsP2O6,5.284,mp-560667,3.088936495,16.00850499,0.625907789,1
CsB3O5,5.304,mp-3977,3.32366776,13.61912775,0.700513066,1
BaNa(PO3)3,5.305,mp-13755,3.17475529,14.8407466,0.417615547,1
Na5B(SO4)4,5.311,mp-1020599,2.441130494,13.34331243,0.449516979,1
CaBPO5,5.323,mp-6667,3.050019065,11.01527779,0.405279712,1
Sr2B5ClO9,5.336,mp-557330,3.127676194,12.76521973,0.424935178,1
Ca2B5BrO9,5.35,mp-554056,2.860685282,12.22773612,0.366735614,1
K3B6ClO10,5.372,mp-1189091,2.307668276,13.58584933,0.597967533,1
SrBPO5,5.387,mp-6486,3.624301794,11.99264804,0.466905285,1
KSi2BO6,5.397,mp-1019889,2.634160308,12.73864213,0.500476502,1
KBa2(PO3)5,5.403,mp-560320,3.282186828,15.58714348,0.452930146,1
MgB2H6O7,5.412,mp-706910,2.238424786,7.602425462,0.213814974,1
Sr3B6O11F2,5.417,mp-1202821,3.592311633,11.38214832,0.507035504,1
Na2B4O7,5.426,mp-1020142,2.679632989,9.591800704,0.525138123,1
CsB9O14,5.451,mp-680683,2.492079504,12.61012284,0.361617695,1
Ca(BO2)2,5.456,mp-556826,2.963991416,10.06007229,0.471354477,1
BaBPO5,5.495,mp-15840,4.038550523,13.31728486,0.496674931,1
BaNa(B3O5)3,5.5,mp-17864,2.545377627,12.48561119,0.316618121,1
B5H12NO12,5.502,mp-703444,1.520650889,9.906182171,0.086327549,1
NaSiBO4,5.502,mp-556740,2.823274076,10.57713629,0.48886929,1
LiB(S2O7)2,5.51,mp-1020060,2.18270421,14.07440893,0.159028183,1
Na5B2P3O13,5.539,mp-557836,2.585478321,12.21638933,0.539611861,1
BaB8O13,5.545,mp-27794,2.922342029,11.15283436,0.301478264,1
NaB5(H2O5)2,5.572,mp-721294,1.774900507,11.27688651,0.206620926,1
CaB8H4O15,5.601,mp-23701,2.060580413,10.66580752,0.197031597,1
K2Sr(PO3)4,5.609,mp-558990,2.7134961,15.5148275,0.50996141,1
SrLi(B3O5)3,5.648,mp-18495,2.386432671,11.55740928,0.276226463,1
Li2B4O7,5.668,mp-4779,2.40723584,8.974013049,0.361413774,1
Ca2SiB2O7,5.68,mp-752851,3.212712948,10.41738511,0.527256923,1
Mg3B7ClO13,5.705,mp-23617,2.993304664,9.06179456,0.351151469,1
BaLi(B3O5)3,5.783,mp-17672,2.694822523,11.41285194,0.307087895,1
NaLiB4O7,5.797,mp-553926,2.451395868,9.648598998,0.429096087,1
CaB3HO6,5.811,mp-1194867,2.641885869,9.686153909,0.353273428,1
Al4(B2O5)3,5.817,mp-31408,2.810626709,9.755013738,0.253126239,1
Li3B5(HO5)2,5.833,mp-707105,2.233796399,8.804776911,0.34271761,1
BPH4NO4F,5.838,mp-1195775,2.071743857,9.539342991,0.10759031,1
CsBe2BO3F2,5.883,mp-553342,3.206890123,14.25316516,0.698903223,1
Li3B5(HO5)2,5.885,mp-707105,2.233796399,8.804776911,0.34271761,1
Mg3B7ClO13,5.93,mp-23617,2.993304664,9.06179456,0.351151469,1
Cs2Sr2Li3B3(PO4)6,5.941,mp-1019609,3.309194874,13.34945457,0.575191852,1
RbBe2BO3F2,6.005,mp-7323,2.814792621,13.12916682,0.59573609,1
KBe2BO3F2,6.052,mp-6870,2.488958456,11.4105994,0.590428707,1
BaAlBO3F2,6.064,mp-558491,4.479093091,12.10041,0.5799904,1
B(HO)3,6.08,mp-759069,1.669404147,8.786380931,0.089149762,1
NaBe2BO3F2,6.085,mp-556865,2.31327475,10.99238818,0.408980941,1
YB6(HO4)3,6.151,mp-1178731,2.676695655,9.835343735,0.235317204,1
Li2B6O9F2,6.27,mp-1200209,2.134281029,10.67703251,0.247284122,1
CaB4O7,6.317,mp-11000,3.368628286,8.02336564,0.426382147,1
LiB6O9F,6.351,mp-558105,2.086963708,10.98963777,0.197358655,1
LiB3O5,6.361,mp-3660,2.488007023,8.852253009,0.313934722,1
LiB(SO4)2,6.387,mp-1020106,2.183971028,13.29799729,0.194003531,1
Li2B3O4F3,6.573,mp-1196457,2.038013474,11.35996554,0.282038227,1
B2S2O9,6.695,mp-1019509,2.710548111,10.82674026,0.153931339,1
BHO2,7.073,mp-721851,2.430434806,7.484367498,0.148557911,1
SrB4O7,7.119,mp-1020670,3.258865234,10.31233667,0.405125896,1
LiBO2,7.183,mp-14232,2.902264913,7.116265181,0.602564978,1
BPO4,7.256,mp-22694,5.314087028,13.79871893,0.46595402,1
